{
  "Delete" : {
    "transaction" : "Delete",
    "sampleCount" : 300,
    "errorCount" : 1,
    "errorPct" : 0.33333334,
    "meanResTime" : 247.25333333333325,
    "medianResTime" : 242.0,
    "minResTime" : 232.0,
    "maxResTime" : 1244.0,
    "pct1ResTime" : 254.0,
    "pct2ResTime" : 259.0,
    "pct3ResTime" : 275.95000000000005,
    "throughput" : 84.26966292134831,
    "receivedKBytesPerSec" : 78.08988764044943,
    "sentKBytesPerSec" : 18.5985779494382
  },
  "Post" : {
    "transaction" : "Post",
    "sampleCount" : 300,
    "errorCount" : 10,
    "errorPct" : 3.3333333,
    "meanResTime" : 249.30999999999995,
    "medianResTime" : 243.0,
    "minResTime" : 232.0,
    "maxResTime" : 374.0,
    "pct1ResTime" : 267.0,
    "pct2ResTime" : 284.95,
    "pct3ResTime" : 351.7900000000002,
    "throughput" : 106.04453870625663,
    "receivedKBytesPerSec" : 112.36785856309649,
    "sentKBytesPerSec" : 25.268425238600212
  },
  "Total" : {
    "transaction" : "Total",
    "sampleCount" : 1500,
    "errorCount" : 113,
    "errorPct" : 7.5333333,
    "meanResTime" : 343.27733333333333,
    "medianResTime" : 241.0,
    "minResTime" : 10.0,
    "maxResTime" : 2358.0,
    "pct1ResTime" : 271.9000000000001,
    "pct2ResTime" : 1975.8500000000001,
    "pct3ResTime" : 2302.95,
    "throughput" : 242.16984178237,
    "receivedKBytesPerSec" : 260.4580793913465,
    "sentKBytesPerSec" : 51.08270100096868
  },
  "Get" : {
    "transaction" : "Get",
    "sampleCount" : 300,
    "errorCount" : 100,
    "errorPct" : 33.333332,
    "meanResTime" : 728.7233333333329,
    "medianResTime" : 47.5,
    "minResTime" : 10.0,
    "maxResTime" : 2358.0,
    "pct1ResTime" : 2220.3,
    "pct2ResTime" : 2302.75,
    "pct3ResTime" : 2341.96,
    "throughput" : 66.96428571428571,
    "receivedKBytesPerSec" : 83.27113560267857,
    "sentKBytesPerSec" : 9.1552734375
  },
  "Patch" : {
    "transaction" : "Patch",
    "sampleCount" : 300,
    "errorCount" : 1,
    "errorPct" : 0.33333334,
    "meanResTime" : 245.07333333333324,
    "medianResTime" : 242.0,
    "minResTime" : 232.0,
    "maxResTime" : 313.0,
    "pct1ResTime" : 258.0,
    "pct2ResTime" : 263.0,
    "pct3ResTime" : 293.97,
    "throughput" : 104.9317943336831,
    "receivedKBytesPerSec" : 127.27864583333333,
    "sentKBytesPerSec" : 21.826633001049316
  },
  "Put" : {
    "transaction" : "Put",
    "sampleCount" : 300,
    "errorCount" : 1,
    "errorPct" : 0.33333334,
    "meanResTime" : 246.02666666666656,
    "medianResTime" : 242.0,
    "minResTime" : 231.0,
    "maxResTime" : 342.0,
    "pct1ResTime" : 260.0,
    "pct2ResTime" : 268.0,
    "pct3ResTime" : 294.98,
    "throughput" : 105.6710109193378,
    "receivedKBytesPerSec" : 98.78278828372666,
    "sentKBytesPerSec" : 26.520947076435366
  }
}